{
  "version": "1.0",
  "defaultProvider": "cdnjs",
  "libraries": [
    {
      "provider": "unpkg",
      "library": "jquery@3.6.3",
      "destination": "wwwroot/lib/jquery/",
      "files": [
        "dist/jquery.js",
        "dist/jquery.min.js",
        "dist/jquery.min.map",
        "dist/jquery.slim.js",
        "dist/jquery.slim.min.js",
        "dist/jquery.slim.min.map"
      ]
    },
    {
      "provider": "cdnjs",
      "library": "twitter-bootstrap@5.2.3",
      "destination": "wwwroot/lib/twitter-bootstrap/"
    }
  ]
}